pu,threat,amount,action_cost,status
595,1,30.34797,1,0
596,1,38.48403,1,0
597,1,87.04037,1,0
598,1,104.73836,1,0
599,1,100.77132,1,0
600,1,180.25092,1,0
601,1,165.81236,1,0
602,1,83.5882,1,0
603,1,20.26673,1,0
604,1,14.74303,1,0
605,1,426.06644,1,0
606,1,195.24986,1,0
607,1,205.03419,1,0
608,1,5.802,1,0
609,1,13.45635,1,0
610,1,161.13728,1,0
611,1,179.73746,1,0
612,1,17.59339,1,0
613,1,29.50139,1,0
614,1,196.02175,1,0
615,1,159.30867,1,0
616,1,164.61013,1,0
617,1,235.29701,1,0
618,1,137.63533,1,0
619,1,310.5275,1,0
620,1,59.38386,1,0
621,1,179.30854,1,0
622,1,258.16012,1,0
623,1,220.1194,1,0
624,1,82.60047,1,0
625,1,51.24182,1,0
626,1,29.99564,1,0
627,1,30.81852,1,0
628,1,78.14008,1,0
629,1,65.79164,1,0
630,1,193.52259,1,0
631,1,32.94678,1,0
632,1,132.06955,1,0
633,1,34.61647,1,0
634,1,99.25293,1,0
635,1,455.00597,1,0
636,1,41.74434,1,0
637,1,383.7058,1,0
638,1,141.78591,1,0
639,1,252.37639,1,0
640,1,50.56481,1,0
641,1,27.9589,1,0
642,1,60.3967,1,0
643,1,32.68462,1,0
644,1,101.99492,1,0
645,1,58.57731,1,0
646,1,97.34376,1,0
647,1,391.8415,1,0
648,1,323.13718,1,0
649,1,292.4878,1,0
650,1,422.54913,1,0
651,1,166.40145,1,0
652,1,141.34109,1,0
653,1,276.78563,1,0
654,1,244.20416,1,0
655,1,98.7859,1,0
656,1,21.99432,1,0
657,1,46.5865,1,0
658,1,24.18122,1,0
659,1,36.59452,1,0
660,1,77.37895,1,0
661,1,35.34064,1,0
662,1,77.00905,1,0
663,1,403.39823,1,0
664,1,148.71178,1,0
665,1,364.73417,1,0
666,1,271.70661,1,0
667,1,8.96803,1,0
668,1,11.3341,1,0
669,1,214.36811,1,0
670,1,99.65979,1,0
671,1,158.25163,1,0
672,1,60.99286,1,0
673,1,120.11006,1,0
675,1,7.03117,1,0
676,1,288.30941,1,0
677,1,242.37588,1,0
678,1,30.79216,1,0
679,1,38.93574,1,0
680,1,58.47989,1,0
681,1,12.4564,1,0
682,1,31.99076,1,0
683,1,10.8029,1,0
684,1,222.21958,1,0
685,1,205.30495,1,0
686,1,287.23353,1,0
687,1,131.88383,1,0
688,1,304.37738,1,0
689,1,196.94362,1,0
690,1,45.97765,1,0
691,1,20.01189,1,0
692,1,33.27587,1,0
693,1,26.9127,1,0
694,1,27.12759,1,0
695,1,25.89627,1,0
696,1,223.80833,1,0
697,1,143.04387,1,0
698,1,238.10847,1,0
699,1,180.13142,1,0
700,1,238.64713,1,0
701,1,289.54359,1,0
702,1,199.8919,1,0
703,1,160.24273,1,0
704,1,245.7419,1,0
705,1,14.60729,1,0
706,1,9.21444,1,0
707,1,256.72187,1,0
708,1,144.97615,1,0
709,1,264.93407,1,0
711,1,119.4611,1,0
712,1,12.5839,1,0
713,1,231.00782,1,0
714,1,195.91645,1,0
715,1,218.03211,1,0
716,1,289.6102,1,0
717,1,250.04914,1,0
718,1,38.41929,1,0
719,1,39.42354,1,0
720,1,215.88609,1,0
721,1,266.04261,1,0
722,1,59.92088,1,0
723,1,64.25884,1,0
724,1,17.06648,1,0
725,1,13.27584,1,0
726,1,70.47116,1,0
727,1,76.69832,1,0
728,1,28.39113,1,0
729,1,38.33047,1,0
730,1,15.86249,1,0
731,1,30.725,1,0
732,1,40.5295,1,0
733,1,64.37931,1,0
734,1,218.72385,1,0
735,1,59.05897,1,0
736,1,32.67688,1,0
737,1,289.3376,1,0
738,1,17.17679,1,0
739,1,32.39789,1,0
740,1,291.20652,1,0
741,1,252.66648,1,0
742,1,52.50383,1,0
743,1,354.19896,1,0
744,1,242.65511,1,0
745,1,19.70962,1,0
746,1,21.13648,1,0
747,1,212.03527,1,0
748,1,55.53018,1,0
749,1,66.60356,1,0
750,1,34.58977,1,0
751,1,23.68298,1,0
752,1,86.32091,1,0
753,1,15.00498,1,0
754,1,154.31895,1,0
755,1,204.28699,1,0
756,1,57.47679,1,0
757,1,402.39255,1,0
758,1,107.94992,1,0
759,1,103.76345,1,0
760,1,380.75507,1,0
761,1,136.73244,1,0
762,1,44.0809,1,0
763,1,122.54403,1,0
764,1,283.00738,1,0
765,1,168.11626,1,0
766,1,289.72194,1,0
767,1,156.49248,1,0
768,1,96.28751,1,0
769,1,213.04382,1,0
770,1,152.4444,1,0
771,1,57.03773,1,0
772,1,127.56957,1,0
773,1,190.86097,1,0
774,1,241.33754,1,0
775,1,187.97999,1,0
776,1,88.77793,1,0
777,1,82.00533,1,0
778,1,241.33754,1,0
779,1,148.58629,1,0
780,1,262.25397,1,0
781,1,220.83283,1,0
782,1,217.41609,1,0
783,1,133.84146,1,0
784,1,53.14433,1,0
785,1,284.4722,1,0
786,1,54.24138,1,0
787,1,144.11173,1,0
788,1,358.89385,1,0
789,1,3.92305,1,0
790,1,288.17618,1,0
791,1,400.823,1,0
792,1,404.22985,1,0
793,1,418.48558,1,0
794,1,2.24194,1,0
795,1,65.81405,1,0
796,1,325.79751,1,0
797,1,296.55326,1,0
798,1,103.52588,1,0
799,1,306.34146,1,0
800,1,353.54914,1,0
801,1,255.74155,1,0
802,1,385.77518,1,0
803,1,61.9525,1,0
804,1,371.44681,1,0
805,1,334.91095,1,0
806,1,1.84923,1,0
807,1,100.29729,1,0
808,1,348.3918,1,0
809,1,4.70123,1,0
810,1,371.85252,1,0
811,1,69.74407,1,0
812,1,288.98559,1,0
813,1,19.94486,1,0
814,1,353.50745,1,0
815,1,295.34057,1,0
816,1,34.9081,1,0
817,1,77.14161,1,0
818,1,299.78448,1,0
819,1,286.3883,1,0
820,1,416.70415,1,0
821,1,338.7854,1,0
822,1,35.94651,1,0
823,1,19.90947,1,0
824,1,49.78917,1,0
825,1,67.19649,1,0
826,1,7.69828,1,0
827,1,5.83639,1,0
828,1,354.29072,1,0
829,1,19.42003,1,0
830,1,20.3328,1,0
831,1,18.29565,1,0
832,1,25.75875,1,0
833,1,409.89074,1,0
834,1,47.6682,1,0
835,1,2.91819,1,0
836,1,270.0682,1,0
837,1,376.01277,1,0
838,1,82.43544,1,0
839,1,8.91467,1,0
840,1,210.84909,1,0
841,1,179.64291,1,0
842,1,114.06201,1,0
843,1,268.21156,1,0
844,1,300.05094,1,0
845,1,35.61356,1,0
846,1,67.28604,1,0
847,1,142.8668,1,0
848,1,2.91819,1,0
849,1,387.73819,1,0
850,1,11.03813,1,0
851,1,339.87016,1,0
852,1,285.84191,1,0
853,1,389.41516,1,0
854,1,259.29796,1,0
855,1,326.6055,1,0
856,1,161.12377,1,0
857,1,197.60333,1,0
858,1,81.07476,1,0
859,1,46.15601,1,0
860,1,181.49955,1,0
861,1,108.55161,1,0
862,1,34.67621,1,0
863,1,211.66395,1,0
864,1,25.46864,1,0
865,1,167.8498,1,0
866,1,34.69383,1,0
867,1,36.75784,1,0
868,1,15.05474,1,0
869,1,8.14864,1,0
870,1,7.10993,1,0
871,1,36.56806,1,0
872,1,22.50994,1,0
873,1,19.67868,1,0
874,1,12.48214,1,0
875,1,8.09409,1,0
876,1,29.173,1,0
877,1,47.13375,1,0
878,1,41.8206,1,0
879,1,0.42978,1,0
880,1,7.90935,1,0
881,1,38.06029,1,0
882,1,22.46461,1,0
884,1,14.59882,1,0
885,1,3.57361,1,0
886,1,14.06234,1,0
887,1,8.35317,1,0
888,1,14.28823,1,0
889,1,2.35644,1,0
890,1,17.65712,1,0
891,1,27.26913,1,0
892,1,53.34935,1,0
893,1,23.96818,1,0
894,1,13.53126,1,0
895,1,15.51389,1,0
896,1,3.6663,1,0
897,1,214.02658,1,0
898,1,238.37035,1,0
899,1,4.66559,1,0
900,1,18.43567,1,0
901,1,18.92038,1,0
902,1,20.73709,1,0
903,1,16.47356,1,0
904,1,5.92527,1,0
905,1,7.16952,1,0
906,1,19.14246,1,0
907,1,21.59731,1,0
908,1,11.20002,1,0
909,1,223.89543,1,0
910,1,11.87563,1,0
911,1,54.72302,1,0
912,1,155.98147,1,0
913,1,18.97361,1,0
914,1,28.50572,1,0
915,1,14.56088,1,0
916,1,63.2255,1,0
917,1,31.29357,1,0
918,1,34.75529,1,0
919,1,31.58353,1,0
920,1,9.39495,1,0
921,1,11.3874,1,0
922,1,15.60857,1,0
923,1,0.31589,1,0
924,1,36.42553,1,0
925,1,39.75103,1,0
926,1,18.10566,1,0
927,1,31.23967,1,0
928,1,11.60073,1,0
929,1,14.56115,1,0
930,1,18.41894,1,0
931,1,24.17243,1,0
932,1,38.35245,1,0
933,1,185.65407,1,0
934,1,24.40279,1,0
935,1,154.61264,1,0
936,1,20.54787,1,0
937,1,25.88267,1,0
938,1,24.39059,1,0
939,1,37.09885,1,0
940,1,20.70885,1,0
941,1,7.08618,1,0
942,1,13.82445,1,0
943,1,24.98839,1,0
944,1,23.27873,1,0
945,1,23.32272,1,0
946,1,25.80817,1,0
947,1,41.8896,1,0
948,1,25.42996,1,0
949,1,25.42996,1,0
950,1,124.18005,1,0
951,1,19.90611,1,0
952,1,96.4353,1,0
953,1,25.65184,1,0
954,1,45.55074,1,0
955,1,34.92949,1,0
956,1,64.70407,1,0
957,1,63.33422,1,0
958,1,101.09065,1,0
959,1,118.20993,1,0
960,1,70.94994,1,0
961,1,51.33815,1,0
962,1,80.62474,1,0
963,1,54.47667,1,0
964,1,95.25538,1,0
965,1,105.4641,1,0
966,1,51.54835,1,0
967,1,65.02162,1,0
968,1,103.80856,1,0
969,1,78.97931,1,0
970,1,26.11467,1,0
971,1,27.01962,1,0
972,1,60.12332,1,0
973,1,104.81144,1,0
974,1,86.44985,1,0
975,1,87.79626,1,0
976,1,22.17535,1,0
977,1,52.49452,1,0
978,1,37.44886,1,0
979,1,46.80243,1,0
980,1,56.75357,1,0
981,1,68.05439,1,0
982,1,132.26056,1,0
983,1,116.77556,1,0
984,1,78.74342,1,0
985,1,52.4847,1,0
986,1,122.64833,1,0
987,1,101.98697,1,0
988,1,113.24354,1,0
989,1,91.5634,1,0
990,1,104.71567,1,0
991,1,174.5679,1,0
992,1,93.98773,1,0
993,1,48.18338,1,0
994,1,120.99356,1,0
995,1,77.21189,1,0
996,1,138.66032,1,0
997,1,119.69506,1,0
998,1,89.29251,1,0
999,1,138.66032,1,0
1000,1,28.1606,1,0
1001,1,29.98504,1,0
1002,1,38.87001,1,0
1003,1,36.13887,1,0
1004,1,56.63186,1,0
1005,1,50.23459,1,0
1006,1,97.45856,1,0
1007,1,67.4037,1,0
1008,1,58.56562,1,0
1009,1,71.57454,1,0
1010,1,81.20981,1,0
1011,1,167.75137,1,0
1012,1,81.20981,1,0
1013,1,82.74701,1,0
1014,1,26.87197,1,0
1015,1,41.95732,1,0
1016,1,155.52395,1,0
1017,1,67.78352,1,0
1018,1,96.45186,1,0
1019,1,81.11959,1,0
1020,1,70.28273,1,0
1021,1,75.13786,1,0
1022,1,26.64258,1,0
1023,1,41.818,1,0
1024,1,98.00459,1,0
1025,1,78.03557,1,0
1026,1,40.8461,1,0
1027,1,127.3905,1,0
1028,1,28.39328,1,0
1029,1,84.03756,1,0
1030,1,83.95068,1,0
1031,1,165.174,1,0
1032,1,12.2716,1,0
1033,1,136.36856,1,0
1034,1,22.76247,1,0
1035,1,13.4103,1,0
1036,1,120.18312,1,0
1037,1,5.10232,1,0
1038,1,80.88852,1,0
1039,1,34.62578,1,0
1040,1,120.49944,1,0
1041,1,180.1276,1,0
1042,1,278.9073,1,0
1043,1,143.09315,1,0
1044,1,217.52139,1,0
1045,1,30.09019,1,0
1046,1,177.16523,1,0
1047,1,230.28365,1,0
1048,1,369.09679,1,0
1049,1,4.89374,1,0
1050,1,60.66842,1,0
1051,1,123.72162,1,0
1052,1,9.58835,1,0
1053,1,356.69998,1,0
1054,1,140.82278,1,0
1055,1,284.95571,1,0
1056,1,338.48026,1,0
1057,1,248.14866,1,0
1058,1,6.54613,1,0
1059,1,381.0555,1,0
1060,1,76.20967,1,0
1061,1,106.52048,1,0
1062,1,6.06417,1,0
1063,1,7.49877,1,0
1064,1,12.37331,1,0
1065,1,352.16869,1,0
1066,1,30.73557,1,0
1067,1,41.57672,1,0
1068,1,127.39193,1,0
1069,1,64.68445,1,0
1070,1,233.16316,1,0
1071,1,61.55137,1,0
1072,1,326.87625,1,0
1073,1,86.73028,1,0
1074,1,61.26055,1,0
1075,1,74.42281,1,0
1076,1,11.8146,1,0
1077,1,26.19211,1,0
1078,1,24.72465,1,0
1079,1,30.01974,1,0
1080,1,45.46621,1,0
1081,1,140.69704,1,0
1082,1,234.13446,1,0
1083,1,228.4356,1,0
1084,1,140.09289,1,0
1085,1,98.85754,1,0
1086,1,21.26664,1,0
1087,1,260.39267,1,0
1088,1,16.84386,1,0
1089,1,260.88212,1,0
1090,1,47.67527,1,0
1091,1,217.3353,1,0
1092,1,316.95483,1,0
1093,1,268.72084,1,0
1094,1,280.4439,1,0
1095,1,44.68473,1,0
1096,1,240.52341,1,0
1097,1,258.34815,1,0
1098,1,191.92535,1,0
1099,1,220.86076,1,0
1100,1,320.17356,1,0
1101,1,63.54698,1,0
1102,1,30.09162,1,0
1103,1,250.21389,1,0
1104,1,362.38267,1,0
1105,1,31.68037,1,0
1106,1,59.4286,1,0
1107,1,9.73815,1,0
1108,1,290.14804,1,0
1109,1,59.77352,1,0
1110,1,411.14798,1,0
1111,1,199.75222,1,0
1112,1,6.42812,1,0
1113,1,355.03101,1,0
1114,1,23.52032,1,0
1115,1,348.30642,1,0
1116,1,141.78032,1,0
1117,1,339.55041,1,0
1118,1,60.81565,1,0
1119,1,46.22004,1,0
1120,1,51.97305,1,0
1121,1,89.5643,1,0
1122,1,54.32179,1,0
1123,1,83.87118,1,0
1124,1,193.7869,1,0
1125,1,264.55271,1,0
1126,1,320.1445,1,0
1127,1,274.26426,1,0
1128,1,2.72863,1,0
1129,1,317.89604,1,0
1130,1,2.83004,1,0
1131,1,53.24213,1,0
1132,1,103.57738,1,0
1133,1,393.8854,1,0
1134,1,163.65087,1,0
1135,1,453.04045,1,0
1136,1,1.76474,1,0
1137,1,233.8594,1,0
1138,1,323.18446,1,0
1139,1,401.20881,1,0
1140,1,49.44069,1,0
1141,1,204.71014,1,0
1142,1,181.43508,1,0
1143,1,232.89326,1,0
1144,1,85.30341,1,0
1145,1,60.53362,1,0
1146,1,284.96001,1,0
1147,1,330.2672,1,0
1148,1,308.7364,1,0
1149,1,33.06648,1,0
1150,1,2.1475,1,0
1151,1,68.56666,1,0
1152,1,370.73019,1,0
1153,1,34.77374,1,0
1154,1,74.34744,1,0
1155,1,39.28594,1,0
1156,1,266.69659,1,0
1157,1,98.33607,1,0
1158,1,25.09216,1,0
1159,1,7.90254,1,0
1160,1,11.08182,1,0
1161,1,64.75655,1,0
1162,1,251.83272,1,0
1163,1,52.46211,1,0
1164,1,51.30547,1,0
1165,1,6.45712,1,0
1166,1,92.24612,1,0
1167,1,259.79937,1,0
1168,1,234.70668,1,0
1169,1,228.04164,1,0
1170,1,411.93853,1,0
1171,1,64.74892,1,0
1172,1,26.42848,1,0
1173,1,66.07751,1,0
1174,1,31.56781,1,0
1175,1,108.54596,1,0
1176,1,63.6007,1,0
1177,1,70.43374,1,0
1178,1,137.25247,1,0
1179,1,97.16278,1,0
1180,1,78.95882,1,0
1181,1,22.03679,1,0
1182,1,35.79363,1,0
1183,1,46.09308,1,0
1184,1,13.96893,1,0
1185,1,5.69456,1,0
1186,1,43.69467,1,0
1187,1,38.15125,1,0
1188,1,28.72769,1,0
1189,1,114.15395,1,0
1190,1,56.30203,1,0
1191,1,108.88426,1,0
1192,1,46.3631,1,0
1193,1,118.49323,1,0
1194,1,38.52164,1,0
1195,1,116.32801,1,0
1196,1,47.47698,1,0
1197,1,34.53114,1,0
1198,1,44.89117,1,0
1199,1,57.81429,1,0
1200,1,28.68901,1,0
1201,1,67.30897,1,0
1202,1,64.51165,1,0
1203,1,48.06309,1,0
1204,1,25.012,1,0
1205,1,22.07739,1,0
1206,1,26.60688,1,0
1207,1,84.62433,1,0
1208,1,44.38081,1,0
1209,1,73.18003,1,0
1210,1,39.87914,1,0
1211,1,79.04906,1,0
1212,1,53.23606,1,0
1213,1,33.46836,1,0
1214,1,62.21997,1,0
1215,1,137.05528,1,0
1216,1,49.81721,1,0
1217,1,62.72726,1,0
1218,1,96.38424,1,0
595,2,0.10327,1,0
596,2,0.0373,1,0
597,2,0.19231,1,0
598,2,0.08601,1,0
599,2,0.38156,1,0
600,2,0.90464,1,0
601,2,0.65152,1,0
602,2,0.0219,1,0
603,2,0.00376,1,0
604,2,0.04674,1,0
605,2,0.91037,1,0
606,2,0.27474,1,0
607,2,0.37521,1,0
610,2,0.23325,1,0
611,2,0.18641,1,0
612,2,0.00352,1,0
614,2,0.17907,1,0
615,2,0.20125,1,0
616,2,0.3682,1,0
617,2,0.56053,1,0
618,2,0.23477,1,0
619,2,0.56283,1,0
620,2,0.00184,1,0
621,2,0.25889,1,0
622,2,0.37979,1,0
623,2,0.19712,1,0
624,2,0.12082,1,0
625,2,0.02937,1,0
626,2,0.11054,1,0
627,2,0.02826,1,0
628,2,0.20672,1,0
629,2,0.14163,1,0
630,2,0.4732,1,0
632,2,0.26134,1,0
634,2,0.12601,1,0
635,2,0.79376,1,0
636,2,0.02993,1,0
637,2,0.55568,1,0
638,2,0.2026,1,0
639,2,0.40793,1,0
640,2,0.06642,1,0
641,2,0.0692,1,0
642,2,0.07294,1,0
643,2,0.00766,1,0
644,2,0.13479,1,0
645,2,0.05397,1,0
646,2,0.15384,1,0
647,2,0.76865,1,0
648,2,0.67478,1,0
649,2,0.607,1,0
650,2,0.44523,1,0
651,2,0.0997,1,0
652,2,0.1525,1,0
653,2,0.38715,1,0
654,2,0.46366,1,0
655,2,0.12169,1,0
656,2,0.02547,1,0
657,2,0.02299,1,0
658,2,0.02341,1,0
659,2,0.00643,1,0
660,2,0.05109,1,0
661,2,0.01852,1,0
662,2,0.00153,1,0
663,2,0.72102,1,0
664,2,0.28193,1,0
665,2,0.56581,1,0
666,2,0.44116,1,0
667,2,0.02193,1,0
668,2,0.00114,1,0
669,2,0.40903,1,0
670,2,0.16338,1,0
671,2,0.33237,1,0
672,2,0.04759,1,0
673,2,0.11984,1,0
674,2,0.05647,1,0
675,2,0.01042,1,0
676,2,0.56498,1,0
677,2,0.62686,1,0
678,2,0.00596,1,0
681,2,0.02792,1,0
683,2,0.01092,1,0
684,2,0.40281,1,0
685,2,0.53,1,0
686,2,0.58085,1,0
687,2,0.09812,1,0
688,2,0.57739,1,0
689,2,0.51074,1,0
690,2,0.02184,1,0
691,2,0.00363,1,0
693,2,0.00517,1,0
695,2,0.07022,1,0
696,2,0.30268,1,0
697,2,0.06845,1,0
698,2,0.50783,1,0
699,2,0.36839,1,0
700,2,0.37333,1,0
701,2,0.59309,1,0
702,2,0.18445,1,0
704,2,0.60444,1,0
707,2,0.49249,1,0
708,2,0.15456,1,0
709,2,0.65952,1,0
711,2,0.10544,1,0
712,2,0.03317,1,0
713,2,0.4144,1,0
714,2,0.07208,1,0
715,2,0.31056,1,0
716,2,0.67652,1,0
717,2,0.33722,1,0
718,2,0.04881,1,0
719,2,0.05418,1,0
720,2,0.51341,1,0
721,2,0.4379,1,0
722,2,0.20293,1,0
723,2,0.1767,1,0
726,2,0.18573,1,0
727,2,0.3503,1,0
728,2,0.00415,1,0
729,2,0.02623,1,0
730,2,0.00978,1,0
731,2,0.03449,1,0
732,2,0.06749,1,0
733,2,0.09179,1,0
734,2,0.24019,1,0
735,2,0.05984,1,0
736,2,0.00154,1,0
737,2,0.62374,1,0
738,2,0.0525,1,0
739,2,0.05788,1,0
740,2,0.38735,1,0
741,2,0.54949,1,0
743,2,0.55818,1,0
744,2,0.39484,1,0
745,2,0.02559,1,0
746,2,0.02358,1,0
747,2,0.27501,1,0
748,2,0.00822,1,0
749,2,0.10264,1,0
750,2,0.05056,1,0
751,2,0.04117,1,0
752,2,0.00388,1,0
753,2,0.0064,1,0
754,2,0.06866,1,0
755,2,0.22902,1,0
756,2,0.06123,1,0
757,2,0.70863,1,0
758,2,0.09404,1,0
759,2,0.19845,1,0
760,2,0.76689,1,0
761,2,0.46282,1,0
762,2,0.02771,1,0
763,2,0.40936,1,0
764,2,0.47042,1,0
765,2,0.6505,1,0
766,2,0.45311,1,0
767,2,0.20986,1,0
768,2,0.08297,1,0
769,2,0.26247,1,0
770,2,0.24415,1,0
771,2,0.13606,1,0
772,2,0.26297,1,0
773,2,0.6395,1,0
774,2,0.8835,1,0
775,2,0.39334,1,0
776,2,0.27101,1,0
777,2,0.07853,1,0
778,2,0.84127,1,0
779,2,0.18465,1,0
780,2,0.49489,1,0
781,2,0.49156,1,0
782,2,0.33818,1,0
783,2,0.1708,1,0
784,2,0.11308,1,0
785,2,0.56206,1,0
786,2,0.103,1,0
787,2,0.49677,1,0
788,2,0.40312,1,0
790,2,0.53711,1,0
791,2,0.71768,1,0
792,2,0.6134,1,0
793,2,0.76363,1,0
795,2,0.10908,1,0
796,2,0.90909,1,0
797,2,0.64549,1,0
798,2,0.23309,1,0
799,2,0.52788,1,0
800,2,0.42407,1,0
801,2,0.55421,1,0
802,2,0.76585,1,0
804,2,0.80543,1,0
805,2,0.48986,1,0
807,2,0.26207,1,0
808,2,0.47833,1,0
810,2,0.71803,1,0
811,2,0.08942,1,0
812,2,0.46736,1,0
813,2,0.0128,1,0
814,2,0.6382,1,0
815,2,0.68632,1,0
816,2,0.00657,1,0
817,2,0.43035,1,0
818,2,0.2711,1,0
819,2,0.54199,1,0
820,2,0.81926,1,0
821,2,0.41036,1,0
823,2,0.04207,1,0
824,2,0.07894,1,0
825,2,0.22156,1,0
828,2,0.78899,1,0
829,2,0.00668,1,0
830,2,0.00404,1,0
832,2,0.01678,1,0
833,2,0.65169,1,0
836,2,0.35045,1,0
837,2,0.43185,1,0
838,2,0.23536,1,0
839,2,0.02913,1,0
840,2,0.30488,1,0
841,2,0.31155,1,0
842,2,0.1879,1,0
843,2,0.48542,1,0
844,2,0.56397,1,0
845,2,0.01612,1,0
846,2,0.01314,1,0
847,2,0.1635,1,0
849,2,0.7261,1,0
850,2,0.00561,1,0
851,2,0.67563,1,0
852,2,0.45472,1,0
853,2,0.75001,1,0
854,2,0.38453,1,0
855,2,0.84314,1,0
856,2,0.32765,1,0
857,2,0.36555,1,0
858,2,0.40693,1,0
859,2,0.00804,1,0
860,2,0.29471,1,0
861,2,0.1143,1,0
862,2,0.01844,1,0
863,2,0.15234,1,0
864,2,0.00116,1,0
865,2,0.11597,1,0
866,2,0.00739,1,0
867,2,0.03848,1,0
868,2,0.01178,1,0
869,2,0.00068,1,0
870,2,0.00191,1,0
871,2,0.06443,1,0
873,2,0.03911,1,0
876,2,0.01962,1,0
877,2,0.05311,1,0
878,2,0.06923,1,0
880,2,0.00024,1,0
881,2,0.04047,1,0
882,2,0.01054,1,0
884,2,0.05051,1,0
885,2,0.07805,1,0
886,2,0.11015,1,0
887,2,0.05048,1,0
888,2,0.01192,1,0
889,2,0.0344,1,0
891,2,0.0167,1,0
892,2,0.05916,1,0
893,2,0.03291,1,0
894,2,0.01163,1,0
895,2,0.01883,1,0
896,2,0.05432,1,0
897,2,0.14244,1,0
898,2,0.86077,1,0
899,2,0.00759,1,0
901,2,0.04895,1,0
902,2,0.07335,1,0
904,2,0.00489,1,0
906,2,0.00092,1,0
907,2,0.01624,1,0
908,2,0.02027,1,0
909,2,0.52221,1,0
910,2,0.06681,1,0
911,2,0.10129,1,0
912,2,0.29609,1,0
913,2,0.02153,1,0
914,2,0.03011,1,0
915,2,0.04142,1,0
916,2,0.22694,1,0
917,2,0.12877,1,0
918,2,0.10245,1,0
919,2,0.09916,1,0
920,2,0.03541,1,0
922,2,0.00361,1,0
923,2,0.06914,1,0
924,2,0.05147,1,0
925,2,0.00584,1,0
926,2,0.02049,1,0
927,2,0.01915,1,0
930,2,0.03539,1,0
931,2,0.09171,1,0
932,2,0.08454,1,0
933,2,0.47791,1,0
934,2,0.02235,1,0
935,2,0.41995,1,0
936,2,0.00833,1,0
937,2,0.0002,1,0
938,2,0.02928,1,0
939,2,0.02786,1,0
940,2,0.05521,1,0
941,2,0.01784,1,0
943,2,0.00415,1,0
945,2,0.06628,1,0
946,2,0.04821,1,0
947,2,0.25914,1,0
948,2,0.04583,1,0
949,2,0.01078,1,0
950,2,0.28696,1,0
951,2,0.05225,1,0
952,2,0.13175,1,0
953,2,0.08323,1,0
954,2,0.09494,1,0
955,2,0.02492,1,0
956,2,0.2221,1,0
957,2,0.34402,1,0
958,2,0.24538,1,0
959,2,0.57206,1,0
960,2,0.05236,1,0
961,2,0.05209,1,0
962,2,0.54545,1,0
963,2,0.1393,1,0
964,2,0.21413,1,0
965,2,0.68419,1,0
966,2,0.10408,1,0
967,2,0.09121,1,0
968,2,0.52585,1,0
969,2,0.71804,1,0
970,2,0.12733,1,0
971,2,0.05625,1,0
972,2,0.1538,1,0
973,2,0.83725,1,0
974,2,0.17953,1,0
975,2,0.30908,1,0
976,2,0.07611,1,0
977,2,0.18658,1,0
978,2,0.07604,1,0
979,2,0.04536,1,0
980,2,0.10491,1,0
981,2,0.20527,1,0
982,2,0.18211,1,0
983,2,0.32321,1,0
984,2,0.19674,1,0
985,2,0.65437,1,0
986,2,0.63831,1,0
987,2,0.1762,1,0
988,2,0.47861,1,0
989,2,0.23236,1,0
990,2,0.0344,1,0
991,2,0.73531,1,0
992,2,0.17589,1,0
993,2,0.20094,1,0
994,2,0.22196,1,0
995,2,0.25733,1,0
996,2,0.70606,1,0
997,2,0.46895,1,0
998,2,0.49347,1,0
999,2,0.73112,1,0
1000,2,0.06279,1,0
1001,2,0.07766,1,0
1002,2,0.25681,1,0
1003,2,0.16051,1,0
1004,2,0.53739,1,0
1005,2,0.12031,1,0
1006,2,0.12419,1,0
1007,2,0.2628,1,0
1008,2,0.3112,1,0
1009,2,0.22189,1,0
1010,2,0.3829,1,0
1011,2,0.72467,1,0
1012,2,0.01484,1,0
1013,2,0.21728,1,0
1014,2,0.03835,1,0
1015,2,0.07044,1,0
1016,2,0.63536,1,0
1017,2,0.17907,1,0
1018,2,0.12869,1,0
1019,2,0.20087,1,0
1020,2,0.06995,1,0
1021,2,0.05559,1,0
1022,2,0.05535,1,0
1023,2,0.13845,1,0
1024,2,0.21526,1,0
1025,2,0.17575,1,0
1026,2,0.03196,1,0
1027,2,0.32432,1,0
1029,2,0.03086,1,0
1030,2,0.0476,1,0
1031,2,0.30388,1,0
1033,2,0.23084,1,0
1034,2,0.00649,1,0
1036,2,0.28407,1,0
1038,2,0.06069,1,0
1040,2,0.26138,1,0
1041,2,0.23882,1,0
1042,2,0.54967,1,0
1043,2,0.15933,1,0
1044,2,0.49836,1,0
1045,2,0.00006,1,0
1046,2,0.36032,1,0
1047,2,0.28949,1,0
1048,2,0.71681,1,0
1050,2,0.0534,1,0
1051,2,0.36767,1,0
1053,2,0.73503,1,0
1054,2,0.3269,1,0
1055,2,0.63598,1,0
1056,2,0.70021,1,0
1057,2,0.49836,1,0
1058,2,0.00227,1,0
1059,2,0.60703,1,0
1060,2,0.22438,1,0
1061,2,0.02858,1,0
1063,2,0.00236,1,0
1065,2,0.50447,1,0
1066,2,0.01641,1,0
1067,2,0.02378,1,0
1068,2,0.0224,1,0
1069,2,0.08527,1,0
1070,2,0.24624,1,0
1071,2,0.0095,1,0
1072,2,0.49176,1,0
1073,2,0.02863,1,0
1074,2,0.005,1,0
1075,2,0.09239,1,0
1076,2,0.00412,1,0
1078,2,0.07653,1,0
1079,2,0.03138,1,0
1081,2,0.13872,1,0
1082,2,0.41153,1,0
1083,2,0.17455,1,0
1084,2,0.07615,1,0
1085,2,0.20347,1,0
1086,2,0.01316,1,0
1087,2,0.41901,1,0
1088,2,0.01195,1,0
1089,2,0.54257,1,0
1090,2,0.00933,1,0
1091,2,0.2414,1,0
1092,2,0.47717,1,0
1093,2,0.41907,1,0
1094,2,0.62073,1,0
1095,2,0.06403,1,0
1096,2,0.31885,1,0
1097,2,0.46091,1,0
1098,2,0.18609,1,0
1099,2,0.25274,1,0
1100,2,0.69649,1,0
1101,2,0.14332,1,0
1102,2,0.06813,1,0
1103,2,0.48083,1,0
1104,2,0.62011,1,0
1105,2,0.03147,1,0
1106,2,0.17766,1,0
1107,2,0.00281,1,0
1108,2,0.45862,1,0
1109,2,0.28489,1,0
1110,2,0.57235,1,0
1111,2,0.29443,1,0
1112,2,0.02367,1,0
1113,2,0.67603,1,0
1114,2,0.04529,1,0
1115,2,0.50882,1,0
1116,2,0.13854,1,0
1117,2,0.44084,1,0
1118,2,0.15064,1,0
1119,2,0.04559,1,0
1120,2,0.07755,1,0
1121,2,0.05997,1,0
1122,2,0.00565,1,0
1123,2,0.10114,1,0
1124,2,0.30285,1,0
1125,2,0.32541,1,0
1126,2,0.62653,1,0
1127,2,0.45311,1,0
1128,2,0.00511,1,0
1129,2,0.4214,1,0
1131,2,0.06899,1,0
1132,2,0.31172,1,0
1133,2,0.64133,1,0
1134,2,0.14629,1,0
1135,2,0.77536,1,0
1137,2,0.27082,1,0
1138,2,0.50998,1,0
1139,2,0.6819,1,0
1140,2,0.02848,1,0
1141,2,0.38431,1,0
1142,2,0.22999,1,0
1143,2,0.32396,1,0
1144,2,0.1397,1,0
1145,2,0.05258,1,0
1146,2,0.48875,1,0
1147,2,0.67102,1,0
1148,2,0.48683,1,0
1149,2,0.11846,1,0
1150,2,0.00173,1,0
1151,2,0.24697,1,0
1152,2,0.52849,1,0
1153,2,0.00429,1,0
1154,2,0.14576,1,0
1155,2,0.04376,1,0
1156,2,0.35538,1,0
1157,2,0.38184,1,0
1158,2,0.02174,1,0
1159,2,0.04351,1,0
1161,2,0.38318,1,0
1162,2,0.47799,1,0
1163,2,0.02899,1,0
1164,2,0.04677,1,0
1166,2,0.05027,1,0
1167,2,0.50896,1,0
1168,2,0.5125,1,0
1169,2,0.22049,1,0
1170,2,0.84083,1,0
1171,2,0.22448,1,0
1172,2,0.05476,1,0
1173,2,0.02485,1,0
1174,2,0.06259,1,0
1175,2,0.11188,1,0
1176,2,0.07978,1,0
1177,2,0.16342,1,0
1178,2,0.30528,1,0
1179,2,0.22848,1,0
1180,2,0.63109,1,0
1181,2,0.01537,1,0
1182,2,0.03762,1,0
1183,2,0.03513,1,0
1184,2,0.02748,1,0
1185,2,0.0746,1,0
1186,2,0.13225,1,0
1187,2,0.03738,1,0
1188,2,0.0705,1,0
1189,2,0.15531,1,0
1190,2,0.0441,1,0
1191,2,0.315,1,0
1192,2,0.03349,1,0
1193,2,0.11434,1,0
1194,2,0.04634,1,0
1195,2,0.07995,1,0
1196,2,0.01923,1,0
1197,2,0.09968,1,0
1198,2,0.17824,1,0
1199,2,0.02919,1,0
1200,2,0.08845,1,0
1201,2,0.02386,1,0
1202,2,0.05881,1,0
1203,2,0.23775,1,0
1204,2,0.10219,1,0
1205,2,0.07287,1,0
1206,2,0.05169,1,0
1207,2,0.24791,1,0
1208,2,0.18044,1,0
1209,2,0.05171,1,0
1210,2,0.06699,1,0
1211,2,0.2099,1,0
1212,2,0.18322,1,0
1213,2,0.20112,1,0
1214,2,0.19503,1,0
1215,2,0.28143,1,0
1216,2,0.19939,1,0
1217,2,0.12048,1,0
1218,2,0.19514,1,0
597,3,1,1,0
610,3,1,1,0
611,3,3,1,0
613,3,1,1,0
614,3,1,1,0
615,3,1,1,0
616,3,2,1,0
617,3,3,1,0
618,3,2,1,0
619,3,1,1,0
620,3,5,1,0
622,3,5,1,0
623,3,2,1,0
630,3,1,1,0
635,3,1,1,0
636,3,1,1,0
639,3,4,1,0
643,3,5,1,0
646,3,3,1,0
649,3,3,1,0
650,3,3,1,0
651,3,9,1,0
653,3,1,1,0
654,3,4,1,0
655,3,2,1,0
656,3,1,1,0
657,3,1,1,0
658,3,2,1,0
660,3,1,1,0
661,3,2,1,0
662,3,1,1,0
664,3,1,1,0
665,3,5,1,0
666,3,5,1,0
667,3,3,1,0
668,3,1,1,0
669,3,1,1,0
670,3,2,1,0
672,3,6,1,0
673,3,3,1,0
682,3,14,1,0
684,3,1,1,0
685,3,2,1,0
687,3,4,1,0
688,3,3,1,0
690,3,1,1,0
692,3,5,1,0
693,3,6,1,0
694,3,1,1,0
696,3,6,1,0
697,3,1,1,0
702,3,2,1,0
705,3,10,1,0
712,3,6,1,0
715,3,2,1,0
717,3,5,1,0
718,3,2,1,0
722,3,7,1,0
723,3,1,1,0
726,3,1,1,0
728,3,9,1,0
729,3,2,1,0
730,3,2,1,0
732,3,1,1,0
735,3,1,1,0
737,3,2,1,0
739,3,4,1,0
744,3,2,1,0
745,3,1,1,0
747,3,3,1,0
748,3,4,1,0
749,3,1,1,0
750,3,5,1,0
751,3,1,1,0
752,3,2,1,0
753,3,1,1,0
754,3,1,1,0
756,3,1,1,0
761,3,3,1,0
762,3,4,1,0
763,3,1,1,0
764,3,3,1,0
766,3,2,1,0
767,3,4,1,0
768,3,1,1,0
769,3,2,1,0
770,3,2,1,0
772,3,11,1,0
773,3,3,1,0
775,3,6,1,0
776,3,1,1,0
777,3,4,1,0
779,3,2,1,0
780,3,3,1,0
786,3,3,1,0
787,3,1,1,0
788,3,1,1,0
795,3,2,1,0
798,3,12,1,0
800,3,1,1,0
802,3,1,1,0
805,3,1,1,0
806,3,1,1,0
808,3,1,1,0
809,3,17,1,0
813,3,14,1,0
814,3,2,1,0
816,3,13,1,0
817,3,2,1,0
818,3,8,1,0
819,3,1,1,0
820,3,1,1,0
822,3,2,1,0
823,3,1,1,0
825,3,5,1,0
826,3,1,1,0
829,3,6,1,0
832,3,3,1,0
834,3,2,1,0
836,3,1,1,0
839,3,5,1,0
840,3,2,1,0
844,3,4,1,0
845,3,1,1,0
847,3,5,1,0
852,3,1,1,0
854,3,2,1,0
855,3,1,1,0
860,3,1,1,0
862,3,1,1,0
866,3,1,1,0
867,3,1,1,0
869,3,21,1,0
870,3,5,1,0
872,3,2,1,0
873,3,1,1,0
875,3,5,1,0
880,3,1,1,0
882,3,1,1,0
885,3,2,1,0
886,3,1,1,0
897,3,1,1,0
910,3,1,1,0
911,3,4,1,0
914,3,4,1,0
915,3,1,1,0
916,3,5,1,0
917,3,1,1,0
921,3,11,1,0
924,3,1,1,0
927,3,3,1,0
928,3,1,1,0
930,3,2,1,0
931,3,1,1,0
932,3,2,1,0
934,3,1,1,0
935,3,2,1,0
936,3,1,1,0
937,3,1,1,0
938,3,1,1,0
939,3,2,1,0
940,3,2,1,0
943,3,1,1,0
945,3,2,1,0
947,3,2,1,0
952,3,2,1,0
954,3,3,1,0
955,3,3,1,0
958,3,1,1,0
961,3,1,1,0
967,3,2,1,0
975,3,1,1,0
977,3,2,1,0
981,3,1,1,0
985,3,1,1,0
987,3,9,1,0
990,3,5,1,0
993,3,1,1,0
994,3,4,1,0
995,3,2,1,0
1001,3,1,1,0
1002,3,4,1,0
1003,3,3,1,0
1004,3,1,1,0
1005,3,1,1,0
1007,3,9,1,0
1008,3,1,1,0
1011,3,1,1,0
1012,3,2,1,0
1016,3,1,1,0
1017,3,6,1,0
1018,3,2,1,0
1019,3,3,1,0
1020,3,4,1,0
1022,3,3,1,0
1024,3,3,1,0
1025,3,2,1,0
1028,3,1,1,0
1032,3,1,1,0
1034,3,1,1,0
1035,3,4,1,0
1037,3,5,1,0
1039,3,4,1,0
1041,3,2,1,0
1043,3,1,1,0
1044,3,1,1,0
1045,3,2,1,0
1047,3,4,1,0
1048,3,1,1,0
1049,3,1,1,0
1050,3,4,1,0
1052,3,1,1,0
1053,3,1,1,0
1057,3,1,1,0
1058,3,3,1,0
1062,3,5,1,0
1063,3,2,1,0
1064,3,1,1,0
1065,3,1,1,0
1067,3,2,1,0
1069,3,2,1,0
1071,3,3,1,0
1072,3,1,1,0
1073,3,4,1,0
1074,3,2,1,0
1075,3,1,1,0
1076,3,4,1,0
1078,3,5,1,0
1079,3,13,1,0
1080,3,2,1,0
1082,3,1,1,0
1084,3,7,1,0
1086,3,10,1,0
1089,3,1,1,0
1090,3,6,1,0
1092,3,2,1,0
1093,3,8,1,0
1094,3,4,1,0
1095,3,1,1,0
1096,3,6,1,0
1099,3,7,1,0
1101,3,1,1,0
1102,3,3,1,0
1103,3,1,1,0
1107,3,10,1,0
1108,3,1,1,0
1109,3,11,1,0
1114,3,2,1,0
1115,3,2,1,0
1116,3,3,1,0
1117,3,1,1,0
1118,3,1,1,0
1120,3,3,1,0
1121,3,1,1,0
1122,3,1,1,0
1125,3,1,1,0
1126,3,1,1,0
1127,3,1,1,0
1128,3,6,1,0
1129,3,1,1,0
1130,3,12,1,0
1131,3,6,1,0
1132,3,5,1,0
1134,3,1,1,0
1136,3,1,1,0
1139,3,1,1,0
1142,3,1,1,0
1143,3,2,1,0
1144,3,7,1,0
1145,3,1,1,0
1148,3,2,1,0
1149,3,2,1,0
1150,3,18,1,0
1151,3,1,1,0
1155,3,1,1,0
1164,3,1,1,0
1165,3,33,1,0
1166,3,1,1,0
1167,3,1,1,0
1173,3,3,1,0
1174,3,2,1,0
1175,3,1,1,0
1177,3,1,1,0
1179,3,2,1,0
1180,3,2,1,0
1184,3,1,1,0
1186,3,7,1,0
1190,3,7,1,0
1191,3,4,1,0
1192,3,1,1,0
1193,3,1,1,0
1195,3,3,1,0
1196,3,2,1,0
1198,3,5,1,0
1199,3,1,1,0
1200,3,1,1,0
1201,3,4,1,0
1202,3,1,1,0
1203,3,1,1,0
1204,3,1,1,0
1208,3,1,1,0
1210,3,2,1,0
1211,3,3,1,0
1213,3,4,1,0
1214,3,2,1,0
1215,3,3,1,0
1218,3,1,1,0
416,4,0.70943,1,0
417,4,0.5652,1,0
418,4,0.75473,1,0
419,4,0.85714,1,0
420,4,1.5913,1,0
422,4,1.01536,1,0
423,4,0.57247,1,0
424,4,0.85881,1,0
425,4,0.74747,1,0
426,4,0.21453,1,0
427,4,0.6511,1,0
428,4,0.64469,1,0
429,4,0.87896,1,0
430,4,1.1016,1,0
431,4,0.10754,1,0
432,4,0.74849,1,0
433,4,0.48595,1,0
434,4,0.66704,1,0
435,4,1.27502,1,0
436,4,0.58726,1,0
437,4,0.56077,1,0
438,4,0.94623,1,0
439,4,0.89885,1,0
440,4,1.23212,1,0
441,4,1.23016,1,0
442,4,0.14575,1,0
443,4,0.63245,1,0
444,4,1.07971,1,0
445,4,1.11677,1,0
446,4,0.68783,1,0
447,4,1.16332,1,0
448,4,0.88722,1,0
449,4,0.67966,1,0
450,4,1.02814,1,0
451,4,0.81433,1,0
452,4,1.29768,1,0
453,4,0.36026,1,0
454,4,0.74067,1,0
455,4,1.0644,1,0
456,4,0.56839,1,0
457,4,0.71733,1,0
458,4,1.90645,1,0
459,4,1.04744,1,0
460,4,1.39005,1,0
461,4,0.48823,1,0
462,4,1.38237,1,0
463,4,2.43407,1,0
464,4,1.06106,1,0
465,4,0.63995,1,0
466,4,1.2263,1,0
467,4,1.06518,1,0
468,4,0.65339,1,0
469,4,0.87428,1,0
470,4,0.21582,1,0
472,4,0.45988,1,0
473,4,1.08231,1,0
474,4,0.76599,1,0
475,4,0.70334,1,0
476,4,0.62819,1,0
477,4,0.72684,1,0
478,4,0.29593,1,0
482,4,0.36234,1,0
483,4,0.65351,1,0
484,4,0.81107,1,0
485,4,1.09428,1,0
486,4,0.58376,1,0
487,4,0.93144,1,0
488,4,0.60811,1,0
489,4,0.91184,1,0
490,4,1.18057,1,0
491,4,0.44883,1,0
492,4,2.18057,1,0
493,4,0.81657,1,0
494,4,1.03308,1,0
495,4,0.49242,1,0
496,4,0.43484,1,0
497,4,0.80197,1,0
498,4,0.71831,1,0
499,4,0.98289,1,0
500,4,1.14166,1,0
501,4,0.84587,1,0
502,4,0.60483,1,0
503,4,0.8737,1,0
504,4,0.50537,1,0
505,4,0.64709,1,0
506,4,0.65783,1,0
507,4,0.71581,1,0
508,4,0.76802,1,0
509,4,0.59754,1,0
510,4,1.12923,1,0
511,4,0.53443,1,0
512,4,0.62998,1,0
513,4,0.76714,1,0
514,4,0.7491,1,0
516,4,0.03359,1,0
517,4,0.04435,1,0
518,4,1.27362,1,0
519,4,0.76709,1,0
520,4,0.41258,1,0
521,4,0.46715,1,0
522,4,0.68994,1,0
523,4,0.61336,1,0
524,4,0.71175,1,0
525,4,0.78517,1,0
526,4,0.57493,1,0
527,4,0.87462,1,0
528,4,0.79672,1,0
529,4,0.12047,1,0
530,4,1.01086,1,0
531,4,0.73022,1,0
532,4,0.42641,1,0
533,4,0.52858,1,0
534,4,0.72452,1,0
535,4,0.69299,1,0
536,4,0.71703,1,0
537,4,0.45483,1,0
538,4,0.61561,1,0
539,4,0.70752,1,0
540,4,0.77311,1,0
541,4,1.84251,1,0
542,4,1.22462,1,0
543,4,0.87944,1,0
544,4,0.58768,1,0
545,4,0.4179,1,0
546,4,0.48095,1,0
547,4,1.07308,1,0
548,4,0.72396,1,0
549,4,0.44737,1,0
550,4,0.68622,1,0
551,4,0.69673,1,0
552,4,0.83572,1,0
553,4,1.75637,1,0
554,4,0.83819,1,0
555,4,0.84549,1,0
556,4,0.50651,1,0
557,4,0.65932,1,0
558,4,0.98133,1,0
559,4,0.46094,1,0
560,4,0.43406,1,0
561,4,0.53624,1,0
562,4,0.46597,1,0
563,4,0.90797,1,0
564,4,0.87115,1,0
565,4,1.21361,1,0
566,4,0.94029,1,0
567,4,0.60047,1,0
568,4,0.71268,1,0
569,4,2.86949,1,0
570,4,0.4052,1,0
571,4,0.54142,1,0
572,4,0.48915,1,0
573,4,0.70385,1,0
574,4,0.68209,1,0
575,4,1.93875,1,0
576,4,1.24047,1,0
577,4,0.78876,1,0
578,4,0.61589,1,0
579,4,2.40119,1,0
580,4,0.9074,1,0
581,4,0.4735,1,0
582,4,0.72328,1,0
583,4,1.12654,1,0
584,4,3.88314,1,0
585,4,0.89093,1,0
586,4,0.87169,1,0
587,4,0.51187,1,0
588,4,0.70506,1,0
589,4,0.4837,1,0
590,4,0.68959,1,0
591,4,0.49212,1,0
592,4,0.79823,1,0
593,4,0.43561,1,0
594,4,1.41,1,0
416,5,0.7094264527495,1,0
417,5,0.565200441409,1,0
418,5,0.754730560478,1,0
419,5,0.8571380968835,1,0
420,5,1.5913025328618,1,0
422,5,1.015358342353,1,0
423,5,0.572466931892,1,0
424,5,0.858814666317,1,0
425,5,0.7474687211441,1,0
426,5,0.214530631405,1,0
427,5,0.651100449706,1,0
428,5,0.6446872978803,1,0
429,5,0.8789639132851,1,0
430,5,1.101595593171,1,0
431,5,0.107541188709,1,0
432,5,0.748487348638,1,0
433,5,0.4859485233411,1,0
434,5,0.6670393884227,1,0
435,5,1.275015730034,1,0
436,5,0.5872574447644,1,0
437,5,0.560773188323,1,0
438,5,0.946229833299,1,0
439,5,0.8988484472107,1,0
440,5,1.232118774562,1,0
441,5,1.2301617728172,1,0
442,5,0.145748486814,1,0
443,5,0.6324529035652,1,0
444,5,1.079714090568,1,0
445,5,1.116765235907,1,0
446,5,0.687832041241,1,0
447,5,1.1633193767377,1,0
448,5,0.887215099715,1,0
449,5,0.6796590405054,1,0
450,5,1.028135988311,1,0
451,5,0.814329807211,1,0
452,5,1.29767557405498,1,0
453,5,0.3602577683887,1,0
454,5,0.7406738502715,1,0
455,5,1.06439669721,1,0
456,5,0.5683937163212,1,0
457,5,0.7173292269276,1,0
458,5,1.90645139253337,1,0
459,5,1.04744209816,1,0
460,5,1.390049601432,1,0
461,5,0.488229764222,1,0
462,5,1.382371000828,1,0
463,5,2.434071832448,1,0
464,5,1.061056539013,1,0
465,5,0.6399549661804,1,0
466,5,1.22630141038,1,0
467,5,1.0651760559725,1,0
468,5,0.6533868858609,1,0
469,5,0.874277347521,1,0
470,5,0.2158184523812,1,0
472,5,0.4598768258881,1,0
473,5,1.0823097170447,1,0
474,5,0.765987414299,1,0
475,5,0.703341221335,1,0
476,5,0.6281877072246,1,0
477,5,0.7268392029592,1,0
478,5,0.2959273709348,1,0
482,5,0.362343988461,1,0
483,5,0.6535056819852,1,0
484,5,0.8110703188,1,0
485,5,1.094278203051,1,0
486,5,0.5837566201712,1,0
487,5,0.9314449607402,1,0
488,5,0.6081097191886,1,0
489,5,0.911843480593,1,0
490,5,1.18056523052,1,0
491,5,0.448829365079,1,0
492,5,2.180567069692,1,0
493,5,0.816565222062,1,0
494,5,1.033078538303,1,0
495,5,0.4924169282476,1,0
496,5,0.434837918224,1,0
497,5,0.8019744689205,1,0
498,5,0.718312513413,1,0
499,5,0.982894733481,1,0
500,5,1.141664396047,1,0
501,5,0.845871815738,1,0
502,5,0.604834519333,1,0
503,5,0.873698938972,1,0
504,5,0.505367957889,1,0
505,5,0.6470859061094,1,0
506,5,0.657827144478,1,0
507,5,0.7158092378119,1,0
508,5,0.768024203389,1,0
509,5,0.597539261648,1,0
510,5,1.12923496274,1,0
511,5,0.53443421504,1,0
512,5,0.62997583985504,1,0
513,5,0.7671445267595,1,0
514,5,0.749095016474,1,0
516,5,0.0335891363714,1,0
517,5,0.044352399737,1,0
518,5,1.273616976032,1,0
519,5,0.767090708333,1,0
520,5,0.4125833006109,1,0
521,5,0.4671488771796,1,0
522,5,0.689943547336,1,0
523,5,0.6133578310063,1,0
524,5,0.7117534348389,1,0
525,5,0.7851708887681,1,0
526,5,0.5749297276648,1,0
527,5,0.874616220808,1,0
528,5,0.79671673782,1,0
529,5,0.120468402778,1,0
530,5,1.010856780024,1,0
531,5,0.7302226027735,1,0
532,5,0.4264059072757,1,0
533,5,0.528578199191,1,0
534,5,0.724518432382,1,0
535,5,0.6929910809586,1,0
536,5,0.71703245616605,1,0
537,5,0.4548345565433,1,0
538,5,0.6156107433236,1,0
539,5,0.7075235337651,1,0
540,5,0.773109712743,1,0
541,5,1.842511636634,1,0
542,5,1.224615000047,1,0
543,5,0.8794438219201,1,0
544,5,0.587683871592,1,0
545,5,0.4179011998117,1,0
546,5,0.4809464905171,1,0
547,5,1.0730823203996,1,0
548,5,0.7239640499595,1,0
549,5,0.4473722321237,1,0
550,5,0.6862231508179,1,0
551,5,0.6967278039208,1,0
552,5,0.835715837833,1,0
553,5,1.756365438623,1,0
554,5,0.838192515433,1,0
555,5,0.845493834156,1,0
556,5,0.506508376239,1,0
557,5,0.659322343042,1,0
558,5,0.9813327061651,1,0
559,5,0.4609432906562,1,0
560,5,0.434061764222,1,0
561,5,0.5362413759155,1,0
562,5,0.4659749741962,1,0
563,5,0.90797080489,1,0
564,5,0.871147626191,1,0
565,5,1.213610744363,1,0
566,5,0.940291379398,1,0
567,5,0.600469744487,1,0
568,5,0.712682003815,1,0
569,5,2.8694896381813,1,0
570,5,0.4051969859683,1,0
571,5,0.54142420759782,1,0
572,5,0.4891526824306,1,0
573,5,0.703849561341,1,0
574,5,0.682085069918,1,0
575,5,1.938748033163,1,0
576,5,1.240472928004,1,0
577,5,0.7887563302632,1,0
578,5,0.6158935380971,1,0
579,5,2.401190176319,1,0
580,5,0.907404213298,1,0
581,5,0.4734994909526,1,0
582,5,0.723280121277,1,0
583,5,1.126544307111,1,0
584,5,3.8831357665271,1,0
585,5,0.890932739145,1,0
586,5,0.8716870237127,1,0
587,5,0.5118746760979,1,0
588,5,0.705055736413,1,0
589,5,0.483698747189,1,0
590,5,0.6895864341477,1,0
591,5,0.492115450728,1,0
592,5,0.798228997652,1,0
593,5,0.4356102272595,1,0
594,5,1.410000184233,1,0
